{
  "participant_id": "P01",
  "emg_rest": [
    2.4277232988367814e-06,
    8.493732821079902e-06,
    1.9920728071554095e-06,
    2.7825506151657464e-05,
    1.0829715715014268e-05,
    4.4744924352357884e-06
  ],
  "emg_ref": [
    7.575635936518664e-05,
    9.281841666961554e-05,
    6.202576078067064e-05,
    7.83400344516849e-05,
    4.808188350580166e-05,
    0.00013596521239378481
  ],
  "left_force_ref": 45.460473284589426,
  "right_force_ref": 37.22222671541058,
  "emg_left_mvc": [
    3.5794477298622944e-05,
    2.0838812270085326e-05,
    1.96274695554166e-05,
    3.923877302440814e-05,
    4.808188350580166e-05,
    1.8244610146211916e-05
  ],
  "emg_right_mvc": [
    3.70337424101308e-05,
    2.2335307221510437e-05,
    2.1158014351385643e-05,
    2.9262395037221717e-05,
    7.445633445968269e-06,
    7.806903377058915e-05
  ],
  "emg_bracing": [
    7.575635936518664e-05,
    9.281841666961554e-05,
    6.202576078067064e-05,
    7.83400344516849e-05,
    4.1844657789624746e-05,
    0.00013596521239378481
  ],
  "emg_force_weights": [
    110.02481621186223,
    -815.5874114238013,
    179.67996401505104,
    577.7009522272922,
    -122.16320432330264,
    57.83631122261758
  ],
  "emg_force_bias": -7.951705839430019,
  "spi_rest": 0.0,
  "spi_ref": 1111.8513742539158,
  "fit_slots": [
    0,
    1,
    2,
    3,
    4,
    5
  ],
  "fit_trials": [
    {
      "key": "left_100",
      "force_mean": -42.23173403225299,
      "emg_mean": [
        0.26536148517927555,
        0.07724913520087887,
        0.17404852138630697,
        0.05807682974015146,
        0.5519570679900407,
        0.045831606965728855
      ],
      "emg_term": -33.761114664118956,
      "force_pred": -41.712820503548976,
      "spi_pred": 219.1517120719919
    },
    {
      "key": "right_100",
      "force_mean": 35.223205356187265,
      "emg_mean": [
        0.3401216324992709,
        0.06059490027817825,
        0.17807094183726252,
        0.004446783902557737,
        0.0,
        0.32561263455733325
      ],
      "emg_term": 41.39830762862459,
      "force_pred": 33.446601789194574,
      "spi_pred": 132.28747751592013
    },
    {
      "key": "left_30",
      "force_mean": -13.017853867113697,
      "emg_mean": [
        0.0063341592506769425,
        0.000857045087782323,
        0.019323955450493188,
        0.0,
        0.004731218130994161,
        0.0004427264424145602
      ],
      "emg_term": 2.9176720398428104,
      "force_pred": -5.034033799587209,
      "spi_pred": -2.4800818958819617
    },
    {
      "key": "left_50",
      "force_mean": -22.10541951100452,
      "emg_mean": [
        0.03473841725860873,
        0.007282210032407976,
        0.0412280485837048,
        0.0025730814209018052,
        0.15194015345336526,
        0.007464494579001375
      ],
      "emg_term": -11.352642162109218,
      "force_pred": -19.30434800153924,
      "spi_pred": 29.697201680487716
    },
    {
      "key": "left_70",
      "force_mean": -30.363533469774612,
      "emg_mean": [
        0.058706543958204536,
        0.011779212830717978,
        0.10595865942637815,
        0.00858819920307085,
        0.37433738228030333,
        0.00824645108285394
      ],
      "emg_term": -24.401051827482778,
      "force_pred": -32.352757666912794,
      "spi_pred": 78.32170597023571
    },
    {
      "key": "right_30",
      "force_mean": 10.14251445125963,
      "emg_mean": [
        0.14210528511346954,
        0.014528175164206295,
        0.02187892584806814,
        0.0058918039847604825,
        0.0,
        0.08935750711712746
      ],
      "emg_term": 16.289125075562183,
      "force_pred": 8.337419236132163,
      "spi_pred": 32.03541278590531
    },
    {
      "key": "right_50",
      "force_mean": 18.34571257399643,
      "emg_mean": [
        0.1783338285357795,
        0.01831905008083166,
        0.04931722681351927,
        0.007026979099181928,
        0.0,
        0.14632808212381437
      ],
      "emg_term": 26.06424662821403,
      "force_pred": 18.11254078878401,
      "spi_pred": 47.994114059120946
    },
    {
      "key": "right_70",
      "force_mean": 24.80472283191543,
      "emg_mean": [
        0.30093159485990556,
        0.04085751001663883,
        0.09121899208543711,
        0.002478975357282716,
        0.0,
        0.30439700909155615
      ],
      "emg_term": 35.214604378015174,
      "force_pred": 27.262898538585155,
      "spi_pred": 93.90864020197013
    },
    {
      "key": "rest",
      "force_mean": 0.0,
      "emg_mean": [
        0.0,
        0.0,
        0.0,
        0.0,
        0.0,
        0.0
      ],
      "emg_term": 0.0,
      "force_pred": -7.951705839430019,
      "spi_pred": -7.951705839430019
    },
    {
      "key": "bracing",
      "force_mean": 0.0,
      "emg_mean": [
        1.0,
        1.0,
        1.0,
        1.0,
        0.832567442753777,
        1.0
      ],
      "emg_term": 7.945525630962493,
      "force_pred": -0.006180208467526427,
      "spi_pred": 1834.5868558832535
    }
  ],
  "stiffness_scale": 1862.9926594239269,
  "standbyK": 2235591.191308712,
  "note": "Stiffness fitted."
}