{
  "participant_id": "P02",
  "emg_rest": [
    2.1075345806309542e-06,
    1.7640632670179457e-06,
    1.5878312235410401e-06,
    1.8188129918902025e-05,
    2.3344212560042856e-06,
    1.884948969651153e-06
  ],
  "emg_rest_fsr_voltage": 2.2234950562318168,
  "emg_rest_grasp_force_N": 0.0,
  "emg_ref": [
    4.163075191172538e-05,
    1.9152197091898414e-05,
    4.031766802654601e-05,
    3.249906876590103e-05,
    2.1035180543549357e-05,
    3.0051506291783875e-05
  ],
  "left_force_ref": 33.98455089285714,
  "right_force_ref": 38.64284910714286,
  "emg_left_mvc": [
    3.172615324729121e-05,
    1.6416227663285098e-05,
    4.031766802654601e-05,
    2.2966496180742977e-05,
    2.1035180543549357e-05,
    6.468700757977785e-06
  ],
  "left_mvc_fsr_voltage": 3.3999201123432448,
  "left_mvc_grasp_force_N": 33.03896719409573,
  "emg_right_mvc": [
    1.4095003007241757e-05,
    1.9152197091898414e-05,
    7.951721090648788e-06,
    3.249906876590103e-05,
    3.742931198758015e-06,
    3.0051506291783875e-05
  ],
  "right_mvc_fsr_voltage": 2.9250399012314645,
  "right_mvc_grasp_force_N": 12.770878701460989,
  "emg_bracing": [
    4.163075191172538e-05,
    1.4989354485805959e-05,
    2.215277700088336e-05,
    2.6781110045703825e-05,
    7.3061242801486486e-06,
    8.664968800076165e-06
  ],
  "bracing_fsr_voltage": 3.7084815400712032,
  "bracing_grasp_force_N": 52.49461835495969,
  "emg_force_weights": [
    30.649935877196384,
    90.25219434419253,
    -99.1873624704287,
    -53.10915050819944,
    -52.74833189219108,
    -8.019669769825617
  ],
  "emg_force_bias": 1.1772088955082296,
  "spi_rest": 0.0,
  "spi_ref": 128.76953554203763,
  "fit_slots": [
    0,
    1,
    2,
    3,
    4,
    5
  ],
  "fit_trials": [
    {
      "key": "left_100",
      "force_mean": -32.51790788210445,
      "emg_mean": [
        0.4978237099856559,
        0.5526444397411648,
        0.6284150842112717,
        0.09429784027557954,
        0.6022374388015173,
        0.09186525506984126
      ],
      "fsr_voltage": 3.3999201123432448,
      "grasp_force_N": 33.03896719409573,
      "emg_term": -34.707024072163385,
      "force_pred": -33.529815176655156,
      "spi_pred": 166.15550930360234
    },
    {
      "key": "right_100",
      "force_mean": 35.99836279135339,
      "emg_mean": [
        0.19144305865335692,
        0.6582241650680043,
        0.09959799886181016,
        0.28862032124609954,
        0.031264486443213925,
        0.547804586259042
      ],
      "fsr_voltage": 2.9250399012314645,
      "grasp_force_N": 12.770878701460989,
      "emg_term": 34.02428845686243,
      "force_pred": 35.20149735237066,
      "spi_pred": 97.70070591788807
    },
    {
      "key": "left_30",
      "force_mean": -10.442793750000003,
      "emg_mean": [
        0.0538974177170323,
        0.15527946653251948,
        0.19295643681951455,
        0.027600146422060108,
        0.16313921477112797,
        0.015609556206688864
      ],
      "fsr_voltage": 3.220059538935567,
      "grasp_force_N": 23.652132935576386,
      "emg_term": -13.668900313478176,
      "force_pred": -12.491691417969946,
      "spi_pred": 46.17863918524439
    },
    {
      "key": "left_50",
      "force_mean": -16.635250892857144,
      "emg_mean": [
        0.1306839448042393,
        0.2387420892363019,
        0.2719786365916545,
        0.07722958125039418,
        0.2115184668042933,
        0.02637463432249071
      ],
      "fsr_voltage": 3.3618441770474115,
      "grasp_force_N": 30.118867576122284,
      "emg_term": -16.894751247706107,
      "force_pred": -15.717542352197878,
      "spi_pred": 69.1768640718589
    },
    {
      "key": "left_70",
      "force_mean": -23.390884226190476,
      "emg_mean": [
        0.2580065417904248,
        0.3618962348898829,
        0.39050831109304646,
        0.09162599564549416,
        0.3613137218435078,
        0.041410766483967056
      ],
      "fsr_voltage": 3.172761793230094,
      "grasp_force_N": 21.63311627331902,
      "emg_term": -22.42065169693507,
      "force_pred": -21.24344280142684,
      "spi_pred": 104.73748716341726
    },
    {
      "key": "right_30",
      "force_mean": 11.581612916666664,
      "emg_mean": [
        0.05991962283394453,
        0.10681763675246021,
        0.006569662298899481,
        0.03339214887264616,
        0.003072397106660812,
        0.053022206330834896
      ],
      "fsr_voltage": 2.530279727209182,
      "grasp_force_N": 2.3207800910586402,
      "emg_term": 8.464718165670169,
      "force_pred": 9.641927061178398,
      "spi_pred": 15.66660814827125
    },
    {
      "key": "right_50",
      "force_mean": 18.860683420868348,
      "emg_mean": [
        0.09125565903391801,
        0.25166465570906293,
        0.015260267446898283,
        0.0895438505631609,
        0.004075319916245063,
        0.184848462993224
      ],
      "fsr_voltage": 2.7068119937298345,
      "grasp_force_N": 6.547795982921825,
      "emg_term": 17.543654040971283,
      "force_pred": 18.720862936479513,
      "spi_pred": 34.65408988341602
    },
    {
      "key": "right_70",
      "force_mean": 26.26146829906205,
      "emg_mean": [
        0.14980021053331352,
        0.3906119308155149,
        0.03311446314050298,
        0.12369664075952107,
        0.008742121583146405,
        0.3382895157692623
      ],
      "fsr_voltage": 2.5798552277112248,
      "grasp_force_N": 3.4840680589579573,
      "emg_term": 26.816888436598518,
      "force_pred": 27.994097332106747,
      "spi_pred": 54.050221939627136
    },
    {
      "key": "rest",
      "force_mean": 0.0,
      "emg_mean": [
        0.0,
        0.0,
        0.0,
        0.0,
        0.0,
        0.0
      ],
      "fsr_voltage": 2.2234950562318168,
      "grasp_force_N": 0.0,
      "emg_term": 0.0,
      "force_pred": 1.1772088955082296,
      "spi_pred": 1.1772088955082296
    },
    {
      "key": "bracing",
      "force_mean": 0.0,
      "emg_mean": [
        1.0,
        0.7605929050226256,
        0.5309845709379991,
        0.6004483855791015,
        0.265855677178604,
        0.24071169766627484
      ],
      "fsr_voltage": 3.7084815400712032,
      "grasp_force_N": 52.49461835495969,
      "emg_term": -1.2150200481037317,
      "force_pred": -0.03781115259550205,
      "spi_pred": 200.9824580598367
    }
  ],
  "stiffness_scale": 333.9666448620337,
  "standbyK": 400759.97383444046,
  "note": "Stiffness fitted."
}