{
  "participant_id": "P02",
  "emg_rest": [
    2.0156276696070564e-05,
    7.11779009656138e-05,
    0.0003135433769784868,
    0.0002730033562762574,
    0.001119967994634949,
    0.00010679052343004428
  ],
  "emg_ref": [
    0.00023961790793691762,
    0.00010823599332070443,
    0.0003255461255321279,
    0.0002769802566035651,
    0.0011424601776525377,
    0.00011352860165061429
  ],
  "left_force_ref": 44.80147215551743,
  "right_force_ref": 37.25602784448257,
  "emg_left_mvc": [
    2.5049928262887973e-05,
    7.244074113259558e-05,
    0.00032518660591449586,
    0.0002769802566035651,
    0.0011398789880331605,
    0.00011352860165061429
  ],
  "emg_right_mvc": [
    6.698590914311353e-05,
    5.504440905497176e-05,
    0.0003255461255321279,
    0.00027420841652201486,
    0.0011424601776525377,
    0.00011270228424109519
  ],
  "emg_bracing": [
    0.00023961790793691762,
    0.00010823599332070443,
    0.000323903450043872,
    0.00027487774059409276,
    0.001139891374623403,
    0.00010972396958095488
  ],
  "emg_force_weights": [
    464.92890334945247,
    -442.8092127106695,
    -52.13605484461479,
    -23.18961416151629,
    56.39650614425031,
    -27.822244946406883
  ],
  "emg_force_bias": -4.116215855233804,
  "spi_rest": 0.0,
  "spi_ref": 445.3854894176836,
  "fit_slots": [
    0,
    1,
    2,
    3,
    4,
    5
  ],
  "fit_trials": [
    {
      "key": "left_100",
      "force_mean": -39.14529662360254,
      "emg_mean": [
        0.004273573691441681,
        0.010617484356523788,
        0.3211652743217086,
        0.2499107737922247,
        0.18905702716496198,
        0.6268699527977921
      ],
      "emg_term": -32.03301031656534,
      "force_pred": -36.14922617179914,
      "spi_pred": 53.21492190906659
    },
    {
      "key": "right_100",
      "force_mean": 35.291746993418734,
      "emg_mean": [
        0.12836909593231194,
        0.0,
        0.3037461837506352,
        0.035318768707571654,
        0.19555956348613426,
        0.5528957013815681
      ],
      "emg_term": 38.67342317197573,
      "force_pred": 34.55720731674192,
      "spi_pred": 98.63311921175672
    },
    {
      "key": "left_30",
      "force_mean": -11.995838822184103,
      "emg_mean": [
        0.0,
        0.0,
        0.23146088221475347,
        0.0020500642199915227,
        0.37313096378886706,
        0.5825003923070852
      ],
      "emg_term": -7.2781833520161925,
      "force_pred": -11.394399207249997,
      "spi_pred": 45.24853288064014
    },
    {
      "key": "right_30",
      "force_mean": 9.305748897114146,
      "emg_mean": [
        0.006754765192756888,
        0.0,
        0.039326902408756505,
        0.04593720259673149,
        0.17581486863308027,
        0.6736215168092402
      ],
      "emg_term": -8.801448493998588,
      "force_pred": -12.917664349232393,
      "spi_pred": 30.796892423899962
    },
    {
      "key": "left_50",
      "force_mean": -20.150810198995693,
      "emg_mean": [
        0.0,
        0.0,
        0.006613279763061325,
        0.015883697445913933,
        0.21968660037440416,
        0.6256602885053504
      ],
      "emg_term": -5.7308442238696635,
      "force_pred": -9.847060079103468,
      "spi_pred": 26.393741784284952
    },
    {
      "key": "left_70",
      "force_mean": -29.38837827796641,
      "emg_mean": [
        0.00015909077553399515,
        0.0039497967678280115,
        0.0,
        0.013078220511062763,
        0.10212400757819513,
        0.5694430143006227
      ],
      "emg_term": -12.062065190930863,
      "force_pred": -16.178281046164667,
      "spi_pred": 19.61265557701942
    },
    {
      "key": "right_50",
      "force_mean": 17.0922424278159,
      "emg_mean": [
        0.032835833174105246,
        0.0,
        0.0,
        0.0,
        0.16949493446106992,
        0.37177612784209685
      ],
      "emg_term": 14.481603526905857,
      "force_pred": 10.365387671672053,
      "spi_pred": 31.05268065977105
    },
    {
      "key": "right_70",
      "force_mean": 25.9150837268355,
      "emg_mean": [
        0.07888953398019065,
        0.0,
        0.0,
        0.0,
        0.12724424606955106,
        0.2533656723057048
      ],
      "emg_term": 36.804953628540964,
      "force_pred": 32.68873777330716,
      "spi_pred": 46.78714136510792
    },
    {
      "key": "rest",
      "force_mean": 0.0,
      "emg_mean": [
        0.0,
        0.0,
        0.0,
        0.0,
        0.0,
        0.0
      ],
      "emg_term": 0.0,
      "force_pred": -4.116215855233804,
      "spi_pred": -4.116215855233804
    },
    {
      "key": "bracing",
      "force_mean": 0.0,
      "emg_mean": [
        1.0,
        1.0,
        0.8631417228383444,
        0.47131790177509486,
        0.8857912979311062,
        0.43535353180605346
      ],
      "emg_term": 4.032227924731593,
      "force_pred": -0.08398793050221087,
      "spi_pred": 1021.6204316715296
    }
  ],
  "stiffness_scale": 1067.2825361569103,
  "standbyK": 1280739.0433882924,
  "note": "Stiffness fitted."
}